Порядковый номер,Адрес,Координаты
1,"Ул.Оптиков, д.35, г. Санкт-Петербург","60.00072,30.21417"
2,"Обводного Канала наб., д.75-А, г. Санкт-Петербург","59.915564,30.35045"
3,"Маршала Жукова просп., д.56, к.1-А, г. Санкт-Петербург","59.84114,30.205453"
4,"Маршала Блюхера просп., д.1-А, к.2, г. Санкт-Петербург","59.9858,30.36287"
5,"Пулковское ш., д.60 , к.1-М, напротив, г. Санкт-Петербург","59.79467,30.32408"
6,"Г. СПб, ЗСД правое направление 15 км 258 м","59.94377,30.20446"
7,"Г. СПб, ЗСД левое направление 11 км 574 м",
8,"Г. СПб, ЗСД левое направление 9 км 208 м","59.89678,30.23216"
9,"Г. СПб, ЗСД левое направление 36 км 912 м","60.10263,30.08868"
10,"Пулковское ш., коорд. N59.78066 E30.32521, п. Шушары, г. Санкт-Петербург","59.78066,30.32521"
11,"Г. СПб, ЗСД правое направление 32 км 458 м","60.07162,30.13537"
12,"Пулковское ш., д.86, лит. А, г. Санкт-Петербург","59.76921,30.33234"
13,"Косыгина просп., д.2, к.5-А, г. Санкт-Петербург","59.93783,30.45021"
14,"Зеленогорское ш., коорд. N60.17488 E29.85470, п. Репино, г. Санкт-Петербург","60.17488,29.8547"
15,"Зеленогорское ш., коорд. N60.17539 E29.85493, п. Репино, г. Санкт-Петербург","60.17539,29.85493"
16,"Г. СПб, ЗСД левое направление 32 км 458 м","60.0715,30.13503"
17,"Г. СПб, ЗСД правое направление 36 км 912 м","60.10272,30.08907"
18,"Ул.Передовиков, д.21-А, г. Санкт-Петербург","59.9463,30.46112"
19,"Г. СПб, ЗСД левое направление 28 км 250 м","60.03895,30.16597"
20,"Санкт-Петербургское ш., д.109-А, г. Петергоф, г. Санкт-Петербург","59.86333,29.98731"
21,"Г. СПб, ЗСД левое направление 23 км 891 м","60.01575,30.22617"
22,"Витебский просп., напротив д. 108, лит. Б, г. Санкт-Петербург","59.83044,30.37387"
23,"Пулковское ш., напротив д.74, лит. А, г. Санкт-Петербург","59.77958,30.32584"
24,"Г. СПб, ЗСД правое направление 21 км 807 м","59.99701,30.23178"
25,"Г. СПб, ЗСД правое направление 26 км 778 м","60.03366,30.18953"
26,"Пулковское ш., д.105-А, г. Санкт-Петербург","59.75192,30.31748"
27,"Петрозаводское ш., напротив д. 52, лит. А, п. Саперный, г. Санкт-Петербург","59.77368,30.7023"
28,"Приморское ш., напротив д. 247-А, г. Сестрорецк, г. Санкт-Петербург","60.06127,29.97281"
29,"Обводного Канала наб., въезд под Ново-Московский мост, г. Санкт-Петербург","59.90894,30.31801"
30,"Российский просп., д.15, лит. А, г. Санкт-Петербург","59.92969,30.47365"
31,"Российский просп., д.14, лит. А, г. Санкт-Петербург","59.93003,30.4732"
32,"Выборгская наб., д.57, к.2, лит. А, г. Санкт-Петербург","59.97859,30.32543"
33,"Приморское ш., д.247-А, г. Сестрорецк, г. Санкт-Петербург","60.06127,29.97281"
34,"Октябрьская наб., д.16, лит. А, г. Санкт-Петербург","59.90927,30.42636"
35,"Александровской Фермы просп., д.19, лит. А, г. Санкт-Петербург","59.85805,30.44897"
36,"Суздальский просп., напротив д. 32, стр. 1, г. Санкт-Петербург","60.05794,30.35347"
37,"Обуховской Обороны просп., д.45, лит. Х, г. Санкт-Петербург","59.90844,30.41427"
38,"Пироговская наб., д.21, лит. А, г. Санкт-Петербург","59.96615,30.33775"
39,"Заводской просп., д.56-А, г. Колпино, г. Санкт-Петербург","59.73025,30.58746"
40,"Дачный просп., д.34, к.1-А, г. Санкт-Петербург","59.83826,30.26225"
41,"Ленинский просп., д.104-А, г. Санкт-Петербург","59.85204,30.22875"
42,"Дачный просп., д.29, к.1-А, г. Санкт-Петербург","59.83823,30.26165"
43,"Октябрьская наб., напротив д.16 лит. А, г. Санкт-Петербург","59.90914,30.42612"
44,"Реки Екатерингофки наб., напротив д.19-В, г. Санкт-Петербург","59.90565,30.25456"
45,"Октябрьская наб., д.54, лит. Б, г. Санкт-Петербург","59.88428,30.45001"
46,"Митрофаньевское ш., д.10-А, г. Санкт-Петербург","59.89882,30.29971"
47,"Приморское ш., д.696-П, п. Смолячково, г. Санкт-Петербург","60.17997,29.47137"
48,"Приморское ш., коорд. N59.99676 E30.11414, г. Санкт-Петербург","59.99676,30.11414"
49,"Обводного Канала наб., въезд под Ново-Московский мост, г. Санкт-Петербург","59.90894,30.31801"
50,"Красносельское (Горелово Тер.) ш., напротив д. 1, к. 2, лит. А, г. Санкт-Петербург","59.76815,30.1194"
51,"Санкт-Петербургское ш., напротив д.134, лит. А, г. Петергоф, г. Санкт-Петербург","59.87394,29.95156"
52,"Пулковское ш., д.105-А, г. Санкт-Петербург","59.75192,30.31748"
53,"Приморское ш., коорд. N59.99596 E30.11584, г. Санкт-Петербург","59.99596,30.11584"
54,"Приморское ш., коорд. N60.03250 E29.98633, п. Лисий Нос, г. Санкт-Петербург","60.0325,29.98633"
55,"Индустриальный просп., д.71-А, г. Санкт-Петербург","59.97652,30.45834"
56,"Петергофское ш., коорд. N59.85289 E30.10445, г. Санкт-Петербург","59.85289,30.10445"
57,"Ул.Руставели, напротив д. 58, к. 1, лит. А, г. Санкт-Петербург","60.03577,30.43244"
58,"Краснофлотское ш., д.54-А, г. Ломоносов, г. Санкт-Петербург","59.92445,29.70841"
59,"Волхонское ш., коорд. N59.83761 E30.04703, п. Стрельна, г. Санкт-Петербург","59.83761,30.04703"
60,"Октябрьская наб., д.44, с.1, г. Санкт-Петербург","59.89363,30.44704"
61,"Народного Ополчения просп., напротив д.137, к.1-А, г. Санкт-Петербург","59.83429,30.26281"
62,"Г. СПб, ЗСД правое направление 9 км 815 м","59.8999,30.22315"
63,"Ул.Финляндская, напротив д. 38, лит. А, г. Колпино, г. Санкт-Петербург","59.75407,30.53461"
64,"Санкт-Петербургское ш., коорд. N59.85645 E30.01286, п. Стрельна, г. Санкт-Петербург","59.85645,30.01286"
65,"Вознесенское шоссе, коорд. N59.76695 E30.64220, г. Санкт-Петербург","59.76695,30.6422"
66,"Науки просп., д.10, к.1-А, г. Санкт-Петербург","60.01472,30.39108"
67,"Зеленогорское ш., д.3-А, п. Солнечное, г. Санкт-Петербург","60.15712,29.94731"
68,"Зеленогорское ш., коорд. N60.20269 E29.71094, г. Зеленогорск, г. Санкт-Петербург","60.20269,29.71094"
69,"Кронштадтское ш., д.17, к.2-А, г. Кронштадт, г. Санкт-Петербург","60.00856,29.73478"
70,"Дунайский просп., напротив д.24-А, г. Санкт-Петербург","59.83156,30.35281"
71,"Перекрёсток: пр. Художников - пр. Луначарского, г. Санкт-Петербург","60.03977,30.34747"
72,"Суздальский просп., д.32, с.1, г. Санкт-Петербург","60.0582,30.3537"
73,"Октябрьская наб., д.38, г. Санкт-Петербург","59.90543,30.43503"
74,"Ул.Белградская, д.28, к.1-А, г. Санкт-Петербург","59.85889,30.36386"
75,"Непокоренных просп., д.63-Т, г. Санкт-Петербург","59.99463,30.40197"
76,"Народного Ополчения просп., д.155-А, г. Санкт-Петербург","59.82809,30.23693"
77,"Народного Ополчения просп., д.197, г. Санкт-Петербург","59.82334,30.19821"
78,"Непокоренных просп., д.63-Т, г. Санкт-Петербург","59.99463,30.40197"
79,"Стачек просп., д.208-А, г. Санкт-Петербург","59.84783,30.22529"
80,"Ул.Кубинская, д.18, к.2-Т, г. Санкт-Петербург","59.86743,30.29613"
81,"Ул.Савушкина, д.125, к.1, г. Санкт-Петербург","59.98666,30.22083"
82,"Заневский просп., д.28-30-32-А, г. Санкт-Петербург","59.93068,30.42022"
83,"Стачек просп., д.192-Д, г. Санкт-Петербург","59.85002,30.23257"
84,"Ул.Софийская, д.33, к.1-А, г. Санкт-Петербург","59.87565,30.40048"
85,"Северный просп., д.43-47, координаты N60.03109 E30.37349, г. Санкт-Петербург","60.03109,30.37349"
86,"Октябрьская наб., д.84, к.1, лит. А, г. Санкт-Петербург","59.87134,30.46857"
87,"Белевский просп., д.1, г. Санкт-Петербург","59.87719,30.42219"
88,"Ул.Белградская, д.10, к.1-А, г. Санкт-Петербург","59.86694,30.35983"
89,"Зеленогорское ш., коорд. N60.20253 E29.71331, г. Зеленогорск, г. Санкт-Петербург","60.20253,29.71331"
90,"Ул.Руставели, напротив д. 58, к. 1, лит. А, г. Санкт-Петербург","60.03577,30.43244"
91,"Ул.Народная, д.81, г. Санкт-Петербург","59.88429,30.48339"
92,"Северный просп., д.43-47, координаты N60.03109 E30.37349, г. Санкт-Петербург","60.03109,30.37349"
93,"Московское ш., коорд. N59.8198 E30.36488, г. Санкт-Петербург","59.8198,30.36488"
94,"Полюстровский просп., д.59-А, г. Санкт-Петербург","59.97312,30.37944"
95,"Большевиков просп., д.25, лит. Д, г. Санкт-Петербург","59.90376,30.48522"
96,"Ул.Кантемировская, д.8, лит. А, г. Санкт-Петербург","59.98112,30.32707"
97,"Полюстровский просп., д.59-А, г. Санкт-Петербург","59.97312,30.37944"
98,"Народного Ополчения просп., д.7-А, г. Санкт-Петербург","59.85081,30.28029"
99,"Ул.Руставели, д.46, к.1-А, г. Санкт-Петербург","60.02321,30.43119"
100,"Ул.Руставели, д.46, к.1-А, г. Санкт-Петербург","60.02321,30.43119"
101,"Ропшинское ш., д.4-А, г. Петергоф, г. Санкт-Петербург","59.85546,29.95162"
102,"Ул.Ждановская, напротив д.37, лит. А, г. Санкт-Петербург","59.96027,30.27471"
103,"Ул.Бухарестская, д.118, к.1-А, г. Санкт-Петербург","59.8467,30.40464"
104,"Воскресенская наб., коорд. N59.950501 E30.370454, г. Санкт-Петербург","59.950501,30.370454"
105,"Ленинский просп., д.116-А, г. Санкт-Петербург","59.85196,30.24801"
106,"Г. СПб, наб. Обводного канала, д. 75-А","59.91564,30.35049"
107,"Российский просп., д.6, с.1, г. Санкт-Петербург","59.92359,30.4714"
108,"Пискаревский просп., д.20, лит. А, г. Санкт-Петербург","59.96941,30.41109"
109,"Новоизмайловский просп., д.16, к.6, г. Санкт-Петербург","59.86802,30.30556"
110,"Приморское ш., коорд. N59.99551 E30.13028, г. Санкт-Петербург","59.99551,30.13028"
111,"Ул.Бабушкина, д.97, к.1, г. Санкт-Петербург","59.86939,30.44987"
112,"Косыгина просп., д.17, к.1, лит. А, г. Санкт-Петербург","59.94411,30.47544"
113,"Богатырский просп., д.15-А, г. Санкт-Петербург","60.00038,30.26254"
114,"Ул.Руставели, напротив д. 12, лит. А, г. Санкт-Петербург","60.00045,30.43697"
115,"Каменноостровский просп., д.81-Г, г. Санкт-Петербург","59.97927,30.29955"
116,"Ул.Маршала Казакова, д.60, к.1, с.1, г. Санкт-Петербург","59.86372,30.18958"
117,"Новоизмайловский просп., д.81-А, г. Санкт-Петербург","59.85596,30.30482"
118,"Солидарности просп., д.10, к.1, лит. А, г. Санкт-Петербург","59.92026,30.49416"
119,"Дорога в аэропорт Пулково, координаты N59.79347 E30.29922, г. Санкт-Петербург","59.79347,30.29922"
120,"Кронштадтское ш., напротив д.9в-А, г. Кронштадт, г. Санкт-Петербург","60.00318,29.75534"
121,"Ул.Коммуны, д.16-А, г. Санкт-Петербург","59.9424,30.50476"
122,"Каменноостровский просп., д.68-А, г. Санкт-Петербург","59.98123,30.29955"
123,"Дальневосточный просп., д.24, лит. А, г. Санкт-Петербург","59.90382,30.4563"
124,"Пулковское ш., д.5 к.1, напротив, г. Санкт-Петербург","59.83893,30.32253"
125,"Ул.Коммуны, напротив д.16-А, г. Санкт-Петербург","59.94238,30.50504"
126,"Российский просп., д.3, к.1, лит. А, г. Санкт-Петербург","59.92274,30.47162"
127,"Ул.Маршала Казакова, д.26-А, г. Санкт-Петербург","59.85971,30.22326"
128,"Ул.Камышовая, д.42, к.1, г. Санкт-Петербург","60.00959,30.21856"
129,"Ул.Маршала Казакова, напротив д.60, к.1, стр.1, г. Санкт-Петербург","59.86394,30.18982"
130,"Шуваловский просп., напротив д.84, к.1, г. Санкт-Петербург","59.99933,30.19313"
131,"Ул.Салова, коорд. N59.88075 E30.35993, г. Санкт-Петербург","59.88075,30.35993"
132,"Дорога в аэропорт Пулково, координаты N59.79360 E30.29931, г. Санкт-Петербург","59.7936,30.29931"
133,"Пискаревский просп., напротив д.171-Б, г. Санкт-Петербург","60.00993,30.45285"
134,"Ул.Софийская, д.8, к.1, с.1, г. Санкт-Петербург","59.88215,30.39135"
135,"Ул.Наличная, д.14, лит. А, г. Санкт-Петербург","59.93652,30.23383"
136,"Стачек просп., напротив д. 17, лит. А, г. Санкт-Петербург","59.89363,30.27539"
137,"Кронштадтское ш., бок. Проезд, коорд. N60.00829 E29.73439, г. Кронштадт, г. Санкт-Петербург","60.00829,29.73439"
138,"Приморское ш., коорд. N60.00978 E30.02547, п. Лисий Нос, г. Санкт-Петербург","60.00978,30.02547"
139,"Г. СПб, Большеохтинский мост, коорд. N59.94263 E30.40468","59.94263,30.40468"
140,"Ул.Софийская, д.19, к.1-А, г. Санкт-Петербург","59.88177,30.39125"
141,"Ул.Краснопутиловская, д.65-А, г. Санкт-Петербург","59.86272,30.28451"
142,"Обуховской Обороны просп., д.195, лит. А, г. Санкт-Петербург","59.87014,30.45828"
143,"Московское ш., коорд. N59.8198 E30.36488, г. Санкт-Петербург","59.8198,30.36488"
144,"Дальневосточный просп., д.25, к.1, с.1, г. Санкт-Петербург","59.90366,30.45584"
145,"Приморское ш., коорд. N60.00989 E30.02497, п. Лисий Нос, г. Санкт-Петербург","60.00989,30.02497"
146,"Ул.Кораблестроителей, д.41, лит. А, г. Санкт-Петербург","59.95559,30.2338"
147,"Ленинский просп., д.137-Б, г. Санкт-Петербург","59.85175,30.27855"
148,"Ленинский просп., д.101-Ж, г. Санкт-Петербург","59.85185,30.22873"
149,"Московское ш., коорд. N59.82781 E30.34998, г. Санкт-Петербург","59.82781,30.34998"
150,"Солидарности просп., д.13, к.1, лит. А, г. Санкт-Петербург","59.92009,30.49326"
151,"Ул.Софийская, д.32, к.1-А, г. СПб, Софийская ул., д.32, к.1-А, г. Санкт-Петербург","59.87292,30.40497"
152,"Пискаревский просп., напротив д.171-Б, г. Санкт-Петербург","60.00993,30.45285"
153,"Приморское ш., напротив д. 350, лит. А, г. Сестрорецк, г. Санкт-Петербург","60.10474,29.97599"
154,"Ленинский просп., д.115-Б, г. Санкт-Петербург","59.85182,30.24813"
155,"Большевиков просп., д.8, к.1, лит. А, г. Санкт-Петербург","59.91475,30.47537"
156,"Петрозаводское ш., коорд. N59.77077 E30.71655, п. Саперный, г. Санкт-Петербург","59.77077,30.71655"
157,"Солидарности просп., д.4, лит. А, г. Санкт-Петербург","59.92718,30.48728"
158,"Красносельское (Горелово Тер.) ш., д.24/2, с.1, г. Санкт-Петербург","59.77999,30.13325"
159,"Зеленогорское ш., напротив д.3-А, п. Солнечное, г. Санкт-Петербург","60.15712,29.94731"
160,"Красносельское (Горелово Тер.) ш., коорд. N59.78654 E30.14108, г. Санкт-Петербург",
161,"Большевиков просп., д.9, к.1, лит. А, г. Санкт-Петербург","59.91477,30.47495"
162,"Шлиссельбургский просп., д.47, к.1, лит. А, г. Санкт-Петербург","59.83317,30.5167"
163,"Ул.Руставели, напротив д. 12, лит. А, г. Санкт-Петербург","60.00045,30.43697"
164,"Выборгское ш., д.346, лит. В, г. Санкт-Петербург","60.09177,30.25756"
165,"Лахтинский просп., д.125, лит. А, г. Санкт-Петербург","59.99472,30.13169"
166,"Адмирала Лазарева наб., напротив д.14, стр.1, г. Санкт-Петербург","59.96576,30.27997"
167,"Ленинский просп., д.138/5-А, г. Санкт-Петербург","59.85193,30.27856"
168,"Санкт-Петербургское ш., д.59а-А, п. Стрельна, г. Санкт-Петербург","59.85148,30.06085"
169,"Октябрьская наб., напротив д. 108, к. 1, лит. А, г. Санкт-Петербург","59.8667,30.48671"
170,"Ул.Крыленко, д.3, к.2, лит. Я, г. Санкт-Петербург","59.89381,30.45921"
171,"Обводного Канала наб., напротив д.93а, лит. А, г. Санкт-Петербург","59.91595,30.33978"
172,"Морская наб., д.41, к.1, лит. А, г. Санкт-Петербург","59.95997,30.2324"
173,"Ветеранов просп., д.87-А, г. Санкт-Петербург","59.83471,30.22133"
174,"Ул.Коллонтай, д.30, к.1, лит. А, г. Санкт-Петербург","59.92336,30.48509"
175,"Ул.Коллонтай, д.16, лит. А, г. Санкт-Петербург","59.91795,30.46203"
176,"Петровский просп., напротив д. 20, к. 1, лит. М, г. Санкт-Петербург","59.9599,30.26675"
177,"Ул.Коллонтай, д.17, к.2, лит. А, г. Санкт-Петербург","59.91766,30.46217"
178,"Ул.Танкистов, д.14-А, г. Колпино, г. Санкт-Петербург","59.74643,30.56051"
179,"Ленинский просп., д.147-А, г. Санкт-Петербург","59.85182,30.29456"
180,"Заневский просп., д.37-А, г. Санкт-Петербург","59.93051,30.42042"
181,"Ленинский просп., д.127-Б, г. Санкт-Петербург","59.85178,30.26519"
182,"Ул.Белградская, коорд. N59.87259 E30.35697, г. Санкт-Петербург","59.87259,30.35697"
183,"Тореза просп., д.68, лит. А, г. Санкт-Петербург","60.01193,30.34512"
184,"Приморское ш., д.502а-В, г. Зеленогорск, г. Санкт-Петербург","60.18538,29.75499"
185,"Обводного Канала наб., напротив д. 57, лит. А, г. Санкт-Петербург","59.91451,30.35722"
186,"Ул.Коллонтай, д.31, к.1, лит. А, г. Санкт-Петербург","59.92257,30.48301"
187,"Дальневосточный просп., д.40, лит.А, г. Санкт-Петербург","59.89523,30.46189"
188,"Пискаревский просп., напротив д. 20, лит. А, г. Санкт-Петербург","59.96937,30.41143"
189,"Стачек просп., д.118-А, г. Санкт-Петербург","59.85825,30.25276"
190,"Московское ш., коорд. N59.82781 E30.34998, г. Санкт-Петербург","59.82781,30.34998"
191,"Александровское ш., д.7-А, п. Белоостров, г. Санкт-Петербург","60.14801,30.01133"
192,"Санкт-Петербургское ш., д.47-А, п. Стрельна, г. Санкт-Петербург","59.85178,30.07211"
193,"Шлиссельбургский просп., д.10, лит. А, г. Санкт-Петербург","59.84077,30.49297"
194,"Ул.Бухарестская, д.72, к.1-А, г. Санкт-Петербург","59.87226,30.37931"
195,"Петергофское ш., коорд. N59.84693 E30.14422, г. Санкт-Петербург","59.84693,30.14422"
196,"Шлиссельбургский просп., напротив д.11, лит. А, г. Санкт-Петербург","59.84055,30.49276"
197,"Дунайский просп., напротив д.24-А, г. Санкт-Петербург","59.83156,30.35281"
198,"Большеохтинский мост, коорд. N59.94245 E30.40562, г. Санкт-Петербург","59.94245,30.40562"
199,"Ул.Тельмана, напротив д. 36, к. 1, лит. А, г. Санкт-Петербург","59.89231,30.47545"
200,"Обводного Канала наб., напротив д.158, лит. Б, г. Санкт-Петербург","59.90906,30.26199"
201,"Приморское ш., коорд. N60.18883 E29.73657, г. Зеленогорск, г. Санкт-Петербург","60.18883,29.73657"
202,"Обводного Канала наб., напротив д. 132, лит. А, г. Санкт-Петербург","59.90882,30.29136"
203,"Приморское ш., напротив д. 350, лит. А, г. Сестрорецк, г. Санкт-Петербург","60.10474,29.97599"
204,"Ул.Дыбенко, д.36, к.1-В, г. Санкт-Петербург","59.91028,30.49748"
205,"Ленинский просп., д.126-А, г. Санкт-Петербург","59.85195,30.26413"
206,"Стачек просп., боковой пр-д, коорд. N59.85081 E30.23146, г. Санкт-Петербург","59.85081,30.23146"
207,"Зеленогорское ш., коорд. N60.15403 E29.96332, г. Санкт-Петербург","60.15403,29.96332"
208,"Ул.Подвойского, напротив д. 24, к. 1, лит. У, г. Санкт-Петербург","59.91343,30.47804"
209,"Ул.Наличная, д.40, к.1, лит. А, г. Санкт-Петербург","59.95035,30.23269"
210,"Петергофское ш., коорд. N59.84919 E30.12299, г. Санкт-Петербург","59.84919,30.12299"
211,"Ул.Кубинская, д.70, к.1-А, г. Санкт-Петербург","59.85007,30.29246"
212,"Ул.Дудко, д.3, соор. 2, лит. А, г. Санкт-Петербург","59.89112,30.44"
213,"Ул.Якорная, д.1, лит. А, г. Санкт-Петербург","59.94258,30.41377"
214,"Реки Карповки наб., коорд. N59.96788 E30.32984, г. Санкт-Петербург","59.96788,30.32984"
215,"Обуховской Обороны просп., напротив д.163, лит. А, г. Санкт-Петербург","59.87863,30.44938"
216,"Ул.Дыбенко, напротив д.42, лит А, г. Санкт-Петербург","59.91036,30.49883"
217,"Науки просп., д.73, к.1-А, г. Санкт-Петербург","60.00517,30.42866"
218,"Коломяжский просп., д.26-А, г. Санкт-Петербург","60.00442,30.29724"
219,"Обводного Канала наб., напротив д. 177, лит. Д, г. Санкт-Петербург","59.90917,30.29632"
220,"Приморское ш., напротив д.455, к.32-А, п. Репино, г. Санкт-Петербург","60.16296,29.84461"
221,"Ул.Фучика, коорд. N59.87422 E30.3577, г. Санкт-Петербург","59.87422,30.3577"
222,"Дальневосточный просп., д.41-А, г. Санкт-Петербург","59.89459,30.46165"
223,"Науки просп., напротив д.73, к. 1, лит. А, г. Санкт-Петербург","60.00533,30.42881"
224,"Ул.Гренадерская, коорд. N59.96869 E30.33821, г. Санкт-Петербург","59.96869,30.33821"
225,"Шлиссельбургский просп., д.20-А, г. Санкт-Петербург","59.83697,30.50573"
226,"Шлиссельбургский просп., д.35-А, г. Санкт-Петербург","59.83538,30.51001"
227,"Приморское ш., коорд. N59.99149 E30.16561, г. Санкт-Петербург","59.99149,30.16561"
228,"Большевиков просп., д.18, лит. А, г. Санкт-Петербург","59.908,30.48177"
229,"Константиновский просп., д.14-16-А, г. Санкт-Петербург","59.97249,30.27039"
230,"Приморское ш., коорд. N60.16525 E29.86930, п. Репино, г. Санкт-Петербург","60.16525,29.8693"
231,"Ул.Седова, д.85, лит. А, г. Санкт-Петербург","59.86917,30.44121"
232,"Коломяжский просп., д.19-А, г. Санкт-Петербург","60.00629,30.29702"
233,"Энтузиастов просп., д.22, к.1-А, г. Санкт-Петербург","59.94706,30.47277"
234,"Обводного Канала наб., напротив д.191, лит. А, г. Санкт-Петербург","59.90923,30.28913"
235,"Петрозаводское ш., коорд. N59.81582 E30.57514, п. Усть-Ижора, г. Санкт-Петербург","59.81582,30.57514"
236,"Обводного Канала наб., напротив д. 142/16, лит. А, г. Санкт-Петербург","59.90898,30.27659"
237,"Ул.Уточкина, д.2, к.1-А, г. Санкт-Петербург","60.01013,30.26199"
238,"Обводного Канала наб., д.118, к.7-А, г. Санкт-Петербург","59.90847,30.30267"
239,"Ул.Уточкина, д.3, к.1-А, г. Санкт-Петербург","60.01004,30.26271"
240,"Лахтинский просп., коорд. N59.99048 30.16554, г. Санкт-Петербург","59.99048,30.16554"
241,"Санкт-Петербургский просп., коорд. N59.88835 E29.87854, г. Петергоф, г. Санкт-Петербург","59.88835,29.87854"
242,"Приморское ш., напротив д.293, лит. А, г. Сестрорецк, г. Санкт-Петербург","60.08415,29.95672"
243,"Ул.Седова, д.101, к.1, лит. З, г. Санкт-Петербург","59.86513,30.44455"
244,"Солидарности просп., д.3, к.1, лит. А, г. Санкт-Петербург","59.92701,30.48676"
245,"Ул.Гренадерская, коорд. N59.96844 E30.33836, г. Санкт-Петербург","59.96844,30.33836"
246,"Торфяная дор., д.7-А, г. Санкт-Петербург","59.98911,30.25617"
247,"Ул.Планерная, д.49-А, г. Санкт-Петербург","60.01727,30.22853"
248,"Ул.Прибрежная, д.4-А, г. Санкт-Петербург","59.83709,30.51048"
249,"Ул.Бухарестская, д.118, к.1-А, г. Санкт-Петербург","59.8467,30.40464"
250,"Ул.Кораблестроителей, д.48, к.2-А, г. Санкт-Петербург","59.9558,30.23389"
251,"Ул.Ленсовета, д.86-А, г. Санкт-Петербург","59.83277,30.34956"
252,"Ул.Восстания, д.3а-А, г. Кронштадт, г. Санкт-Петербург","59.99346,29.78901"
253,"Ул.Заставская, д.3, лит. А, г. Санкт-Петербург","59.88814,30.33872"
254,"Ул.Караваевская, д.28, к.1, лит. А, г. Санкт-Петербург","59.83171,30.50972"
255,"Ул.Крыленко, д.2а, лит. А, г. Санкт-Петербург","59.89327,30.45208"
256,"Ул.Маршала Казакова, д.26-А, г. Санкт-Петербург","59.85971,30.22326"
257,"Ветеранов просп., д.16-А, г. Санкт-Петербург","59.84604,30.25303"
258,"Обводного Канала наб., напротив д. 118, литера С, г. Санкт-Петербург","59.90856,30.30815"
259,"Ул.Звездная, д.16-А, г. Санкт-Петербург","59.83531,30.36616"
260,"Митрофаньевское ш., д.29, лит. В, г. Санкт-Петербург","59.89358,30.30111"
261,"Ул.Крыленко, д.7, к.1-У, г. Санкт-Петербург","59.89462,30.46514"
262,"Шуваловский просп., напротив д.84, к.1, г. Санкт-Петербург","59.99933,30.19313"
263,"Кондратьевский просп., д.66, к.2-А, г. Санкт-Петербург","59.98222,30.39719"
264,"Ул.Передовиков, д.9-А, г. Санкт-Петербург","59.93867,30.46876"
265,"Ул.Бабушкина, д.21, лит. А, г. Санкт-Петербург","59.89463,30.42659"
266,"Пулковское ш., д.13, к.1-А, г. Санкт-Петербург","59.8336,30.32188"
267,"Обуховской Обороны просп., д.120, лит. О, г. Санкт-Петербург","59.861827,30.477112"
268,"Пулковское ш., д.24-А, г. Санкт-Петербург","59.82671,30.3233"
269,"Ул.Коммунаров, напротив д. 16, лит. А, г. Сестрорецк, г. Санкт-Петербург","60.09449,29.95579"
270,"Ул.Звездная, д.8-А, г. Санкт-Петербург","59.8337,30.3494"
271,"Аннинское (Горелово Тер.) ш., коорд. N59.78078 E30.13552, г. Санкт-Петербург","59.78078,30.13552"
272,"Обводного Канала наб., коорд. N59.91361 E30.36243, г. Санкт-Петербург","59.91361,30.36243"
273,"Ул.Расстанная, д.14, к.1, с.1, г. Санкт-Петербург","59.90709,30.34811"
274,"Ул.Кузнецовская, напротив д.10, лит. А, г. Санкт-Петербург","59.87157,30.30141"
275,"Петергофское ш., д.11/21-Б, г. Санкт-Петербург","59.84614,30.19196"
276,"Ул.Оптиков, д.35, г. Санкт-Петербург","60.00072,30.21417"
277,"Г. СПб, Октябрьская наб. Напротив д.38","59.9052,30.43444"
278,"Науки просп., д.17, к.1-А, г. Санкт-Петербург","60.01504,30.38831"
279,"Ул.Маршала Новикова, д.6, к.1-А, г. Санкт-Петербург","60.01058,30.26718"
280,"Волхонское (Сергиево Тер) ш., д.72-А, г. Санкт-Петербург","59.8211,30.09386"
281,"Ул.Зосимова, д.11, лит. А, г. Кронштадт, г. Санкт-Петербург","59.99695,29.7587"
282,"Ул.Кузнецовская, д.22-А, г. Санкт-Петербург","59.87159,30.31015"
283,"Витебский просп., д.87, к.1-А, г. Санкт-Петербург","59.83608,30.37183"
284,"Ул.Парашютная, д. 12, г. Санкт-Петербург","60.01672,30.28199"
285,"Обводного Канала наб., д.13 -Б, г. Санкт-Петербург","59.91757,30.38697"
286,"Ул.Белградская, д.42, к.1-А, г. Санкт-Петербург","59.84937,30.3687"
287,"Богатырский просп., д.59, к.1, г. Санкт-Петербург","60.0074,30.2081"
288,"Богатырский просп., д.59, к.1, г. Санкт-Петербург","60.0074,30.2081"
289,"Выборгское ш., д.19, к.1, г. Санкт-Петербург","60.055989,30.308269"
290,"Выборгское ш., д.19, к.1, г. Санкт-Петербург","60.055989,30.308269"
291,"Выборгское ш., пересечение с дорогой на Каменку, г. Санкт-Петербург","60.07222,30.28506"
292,"Суздальский просп., д.21-Д, г. Санкт-Петербург","60.0631,30.33055"
293,"Суздальский просп., д.21-Д, г. Санкт-Петербург","60.0631,30.33055"
294,"Славы просп., д.43/49, г. Санкт-Петербург","59.85807,30.38906"
295,"Маршала Блюхера просп., д.14-А, г. Санкт-Петербург","59.98025,30.38015"
296,"Суздальский просп., д.75-А, г. Санкт-Петербург","60.04914,30.39903"
297,"Маршала Блюхера просп., д.14-А, г. Санкт-Петербург","59.98004,30.37988"
298,"Суздальский просп., д.75-А, г. Санкт-Петербург","60.04914,30.39903"
299,"Суздальский просп., пересечение с ул. Ж. Егоровой, г. Санкт-Петербург","60.06633,30.31471"
300,"Суздальский просп., пересечение с ул. Ж. Егоровой, г. Санкт-Петербург","60.06633,30.31471"
301,"Ул.Парашютная, д.12, г. Санкт-Петербург","60.016913,30.282107"
302,"Петергофское ш., д.31, к.2-А, г. Санкт-Петербург","59.84639,30.168647"
303,"Пискаревский просп., д.39, г. Санкт-Петербург","59.97875,30.42053"
304,"Пискаревский просп., д.39, г. Санкт-Петербург","59.97891,30.4201"
305,"Приморское ш., д.80, г. Санкт-Петербург","60.02325,30.0075"
306,"Светлановский просп., д.79-А, г. Санкт-Петербург","60.02459,30.38158"
307,"Славы просп., д.30, к.1, г. Санкт-Петербург","59.85834,30.38871"
308,"Выборгское ш., д.34-А, г. Санкт-Петербург","60.04074,30.31671"
309,"Народного Ополчения просп., д.227-А, г. Санкт-Петербург","59.82477,30.16082"
310,"Выборгское ш., д.34-А, г. Санкт-Петербург","60.040727,30.316682"
311,"Малоохтинская наб., д.16-А, г. Санкт-Петербург","59.93523,30.40212"
312,"Юрия Гагарина просп., д.34, г. Санкт-Петербург","59.84799,30.33801"
313,"Ул.Ивановская, д.30-А, г. Санкт-Петербург","59.87292,30.43572"
314,"Ул.Ивановская, д.25-А, г. Санкт-Петербург","59.87274,30.4354"
315,"Гражданский просп., д.84, г. Санкт-Петербург","60.01593,30.40106"
316,"Дунайский просп., д.51, к.2, г. Санкт-Петербург","59.84338,30.41603"
317,"Дунайский просп., д.51, к.2, г. Санкт-Петербург","59.84338,30.41603"
318,"Большой П.С. Просп., д.12-А, г. Санкт-Петербург","59.95404,30.29271"
319,"Большой П.С. Просп., д.86-А, г. Санкт-Петербург","59.96456,30.30975"
320,"Большой П.С. Просп., д.28/1-А, г. Санкт-Петербург","59.95699,30.29748"
321,"Вознесенский просп., д.34-Г, г. Санкт-Петербург","59.92504,30.30824"
322,"Ул.Большая Пушкарская, д.22-А, г. Санкт-Петербург","59.95832,30.30314"
323,"Ул.Кантемировская, д.5-А, г. Санкт-Петербург","59.98132,30.3282"
324,"Кантемировский мост, г. Санкт-Петербург","59.9774,30.31985"
325,"Ул.Народная, д.8, г. Санкт-Петербург","59.87981,30.46102"
326,"Ленинский просп., д.101-А, г. Санкт-Петербург","59.85181,30.22406"
327,"Ленинский просп., д.126-А, г. Санкт-Петербург","59.852,30.26349"
328,"Ленинский просп., д.87, к.1, с.А, г. Санкт-Петербург","59.855344,30.205477"
329,"Медиков просп., д.15/17-А, г. Санкт-Петербург","59.97171,30.3152"
330,"Медиков просп., д.8-А, к.1, г. Санкт-Петербург","59.97261,30.31579"
331,"13 км 954 м КАД А-118, г. Санкт-Петербург","60.08222,30.19947"
332,"14 км 687 м КАД А-118, г. Санкт-Петербург","60.08384,30.21216"
333,"Маршала Жукова просп., д.10, лит. А, г. Санкт-Петербург","59.867193,30.244387"
334,"Перекрёсток: пр. Косыгина - Индустриальный пр., г. Санкт-Петербург","59.94521,30.47827"
335,"Ул.Бухарестская, д.64, к.4, лит. А, г. Санкт-Петербург","59.877007,30.374554"
336,"Ул.Бухарестская, коорд. N59.881141 E30.369724, г. Санкт-Петербург","59.881141,30.369724"
337,"Ул.Савушкина, д.118, лит. А, г. Санкт-Петербург","59.987462,30.211389"
338,"Ул.Яхтенная, д.3, к.1, лит. А, г. Санкт-Петербург","59.98487,30.214279"
339,"Науки просп., д.4, к.1, лит. А, г. Санкт-Петербург","60.015882,30.384855"
340,"Науки просп., д.13, к.1, лит. А, г. Санкт-Петербург","60.017053,30.376888"
341,"Ул.Бестужевская, д.47, лит. А, г. Санкт-Петербург","59.979186,30.424776"
342,"Пискаревский просп., д.32, лит. А, г. Санкт-Петербург","59.982046,30.422932"
343,"Ул.Димитрова, д.11/67, лит. А, г. Санкт-Петербург","59.847381,30.383832"
344,"Ул.Димитрова, д.20, к.1, лит. А, г. Санкт-Петербург","59.850001,30.392716"
345,"Маршала Жукова просп., коорд. N59.870564 E30.248796, г. Санкт-Петербург","59.870564,30.248796"
346,"Ул.Краснопутиловская, д.66, лит. А, г. Санкт-Петербург","59.855789,30.298065"
347,"Ул.Кубинская, д.34, лит. А, г. Санкт-Петербург","59.861025,30.294735"
348,"Славы просп., д.16, лит. А, г. Санкт-Петербург","59.857009,30.382906"
349,"Славы просп., д.15, лит. А, г. Санкт-Петербург","59.854993,30.373106"
350,"Дунайский просп., д.37, к.1, лит. А, г. Санкт-Петербург","59.838,30.393876"
351,"Дунайский просп., д.48, к.1, лит. А, г. Санкт-Петербург","59.840168,30.401214"
352,"Ул.Зины Портновой, д.21, к.1, лит. А, г. Санкт-Петербург","59.84994,30.256195"
353,"Ул.Зины Портновой, д.17, к.1, лит. А, г. Санкт-Петербург","59.853835,30.256206"
354,"Петергофское ш., д.57, литера А, г. Санкт-Петербург","59.84718,30.13672"
355,"Перекрёсток: пр. Металлистов - Апрельская ул., г. Санкт-Петербург","59.96414,30.41824"
356,"Перекрёсток: пр. Металлистов - Апрельская ул., г. Санкт-Петербург","59.96414,30.41824"
357,"Перекрёсток: пр. Металлистов - Апрельская ул., г. Санкт-Петербург","59.96414,30.41824"
358,"Перекрёсток: пр. Металлистов - Апрельская ул., г. Санкт-Петербург","59.96414,30.41824"
359,"Перекрёсток: Пискарёвский пр. - Полюстровский пр., г. Санкт-Петербург","59.96332,30.40856"
360,"Перекрёсток: Пискарёвский пр. - Полюстровский пр., г. Санкт-Петербург","59.96332,30.40856"
361,"Перекрёсток: Пискарёвский пр. - Полюстровский пр., г. Санкт-Петербург","59.96332,30.40856"
362,"Перекрёсток: Гражданский пр. - пр. Луначарского, г. Санкт-Петербург","60.02567,30.41118"
363,"Перекрёсток: Гражданский пр. - пр. Луначарского, г. Санкт-Петербург","60.02567,30.41118"
364,"Перекрёсток: пр. Просвещения - ул. Ушинского, г. Санкт-Петербург","60.03699,30.41179"
365,"Перекрёсток: пр. Просвещения - ул. Ушинского, г. Санкт-Петербург","60.03699,30.41179"
366,"Перекрёсток: пр. Просвещения - ул. Ушинского, г. Санкт-Петербург","60.03699,30.41179"
367,"Перекрёсток: пр. Просвещения - ул. Ушинского, г. Санкт-Петербург","60.03699,30.41179"
368,"Перекрёсток: Светлановский пр. - ул. Орбели, г. Санкт-Петербург","60.00811,30.33986"
369,"Перекрёсток: Светлановский пр. - ул. Орбели, г. Санкт-Петербург","60.00811,30.33986"
370,"Перекрёсток: Северный пр. - пр. Художников, г. Санкт-Петербург","60.03121,30.34443"
371,"Вознесенский просп., д.16-А, г. Санкт-Петербург","59.92973,30.30848"
372,"Перекрёсток: Гражданский пр. - пр. Луначарского, г. Санкт-Петербург","60.02567,30.41118"
373,"Перекрёсток: Гражданский пр. - пр. Луначарского, г. Санкт-Петербург","60.02567,30.41118"
374,"Перекрёсток: Пискарёвский пр. - Полюстровский пр., г. Санкт-Петербург","59.96332,30.40856"
375,"Перекрёсток: Светлановский пр. - ул. Орбели, г. Санкт-Петербург","60.00811,30.33986"
376,"Перекрёсток: Северный пр. - пр. Художников, г. Санкт-Петербург","60.03121,30.34443"
377,"Перекрёсток: Северный пр. - пр. Художников, г. Санкт-Петербург","60.03121,30.34443"
378,"А-118 ""Кольцевая автомобильная дорога"",ПК 75+636 внутреннее кольцо, г. Санкт-Петербург","59.820698,30.217073"
379,"Пересечение Краснопутиловская ул. И Кубинская ул., г. Санкт-Петербург","59.858,30.294165"
380,"Пересечение ул. Димитрова и Будапештская ул., г. Санкт-Петербург","59.848363,30.386157"
381,"Пересечение Тверская ул. И Ремизова ул., г. Санкт-Петербург","59.74138,30.609608"
382,"Пересечение Веры Слуцкой ул. И Заводской пр., г. Санкт-Петербург","59.730646,30.577278"
383,"Пересечение Веры Слуцкой ул. И Пролетарская ул., г. Санкт-Петербург","59.741519,30.581713"
384,"Пересечение Ленинский пр. И ул. Десантников, г. Санкт-Петербург","59.855835,30.202925"
385,"Пересечение пр. Ветеранов и ул. Солдата Корзуна, г. Санкт-Петербург","59.833485,30.217756"
386,"Пересечение Фучика ул. И Бухарестская ул., г. Санкт-Петербург","59.878821,30.373172"
387,"Пересечение Яхтенная ул. И ул. Савушкина, г. Санкт-Петербург","59.987415,30.215128"
388,"Пересечение Благодатная ул. И Кубинская ул., г. Санкт-Петербург","59.875722,30.298831"
389,"Пересечение Ленинский пр. И пр. Героев, г. Санкт-Петербург","59.864725,30.165524"
390,"Пересечение Ленинский пр. И ул. Доблести, г. Санкт-Петербург","59.861118,30.179688"
391,"Пересечение пр. Просвещения и пр. Художников, г. Санкт-Петербург","60.049237,30.354058"
392,"Пересечение Коллонтай ул. И Клочков пер., г. Санкт-Петербург","59.917961,30.463453"
393,"Пересечение Науки пр. И ул. Обручевых, г. Санкт-Петербург","60.016334,30.380959"
394,"Пересечение Солидарности пр. И ул. Кржижановского, г. Санкт-Петербург","59.929739,30.4861"
395,"Пересечение Обуховской обороны пр. И Шлиссельбургский пр., г. Санкт-Петербург","59.842819,30.485642"
396,"Пересечение Большевиков пр. И ул. Крыленко, г. Санкт-Петербург","59.900066,30.488629"
397,"Пересечение Караваевская ул. И ул. Прибрежная, г. Санкт-Петербург","59.832858,30.505184"
398,"Пересечение Просвещения пр. И Брянцева ул., г. Санкт-Петербург","60.038634,30.405722"
399,"Пересечение Маршала Блюхера пр. И Кушелевская дор., г. Санкт-Петербург","59.985417,30.364319"
400,"Пересечение Луначарского пр. И Светлановский пр., г. Санкт-Петербург","60.031314,30.391551"
401,"Пересечение Пискаревский пр. И Бестужевская ул., г. Санкт-Петербург","59.979965,30.421523"
402,"Пересечение пр. Просвещения и ул. Демьяна Бедного, г. Санкт-Петербург","60.042147,30.386082"
403,"Пересечение пр. Просвещения и ул. Есенина, г. Санкт-Петербург","60.051209,30.342055"
404,"Пересечение пр. Луначарского и ул. Есенина, г. Санкт-Петербург","60.042253,30.334332"
405,"Пересечение Коломяжский пр. И Испытателей пр., г. Санкт-Петербург","60.003072,30.298122"
406,"Пересечение Большевиков пр. И ул. Народная, г. Санкт-Петербург","59.885013,30.487982"
407,"Пересечение пр. Маршала Жукова и Дорога на Турухтанные острова, г. Санкт-Петербург","59.868845,30.246969"
408,"Пересечение Дунайский пр. И Купчинская ул., г. Санкт-Петербург","59.836489,30.388754"
409,"Пересечение Большевиков пр. И ул. Тельмана, г. Санкт-Петербург","59.892126,30.491044"
410,"Пересечение Славы пр. И Будапештская ул., г. Санкт-Петербург","59.856556,30.379176"
411,"Пересечение Коллонтай ул. И Бадаева ул. И Искровский пр., г. Санкт-Петербург","59.91642,30.457275"
412,"Пересечение пр. Народного Ополчения и Ленинского пр., г. Санкт-Петербург","59.85214,30.280314"
413,"Пересечение пр. Народного Ополчения и Краснопутиловская ул., г. Санкт-Петербург","59.861631,30.286577"
414,"Пересечение Дунайский пр. И Будапештская ул., г. Санкт-Петербург","59.838712,30.396962"
415,"Пересечение Новоизмайловский пр. И Бассейная ул., г. Санкт-Петербург","59.86446,30.305569"
416,"Пересечение пр. Косыгина и ул. Передовиков, г. Санкт-Петербург","59.941669,30.466119"
417,"Пересечение Ленинский пр. И ул. Зины Портновой, г. Санкт-Петербург","59.851732,30.256872"
418,"Пересечение пр. Стачек и Трамвайный пр., г. Санкт-Петербург","59.858585,30.253822"
419,"Ленинский просп., д.57, к.1, лит. А, г. Санкт-Петербург","59.862315,30.174735"
420,"Ленинский просп., напротив д.57, к.1, лит. А, г. Санкт-Петербург","59.862523,30.175036"
421,"Ул.Камчатская, д.7, лит. А, г. Санкт-Петербург","59.9033,30.354358"
422,"Маршала Жукова просп., д.56, к.1-А, г. Санкт-Петербург","59.84114,30.205453"
423,"Зеленогорское ш., д.6, лит. А, п. Репино, г. Санкт-Петербург","60.166124,29.900923"
424,"Зеленогорское ш., д.6, лит. А, п. Репино, г. Санкт-Петербург","60.166124,29.900923"
425,"Г. СПб, 36 км 212 м КАД А-118","60.002667,30.476046"
426,"Г. СПб, 63 км 402 м КАД А-118","59.819109,30.405899"
427,"Г. СПб, 78 км 294 м КАД А-118","59.808046,30.179553"
428,"37 км 203 м КАД А-118, г. Санкт-Петербург","59.99361,30.47992"
429,"32 км 982 м КАД А-118, г. Санкт-Петербург","60.02669,30.44946"
430,"Приморское ш., д.261, к.А, г. Сестрорецк, г. Санкт-Петербург","60.07503,29.96523"
431,"Приморское ш., напротив д.261, к.А, г. Сестрорецк, г. Санкт-Петербург","60.075321,29.965117"
432,"Ленинский просп., д.87, к.1, с.А, г. Санкт-Петербург","59.855344,30.205477"
433,"Зеленогорское ш., 14 км 447 м, г. Зеленогорск, г. Санкт-Петербург","60.19188,29.76877"
434,"Ул.Ленинградская, д.68, п. Песочный, г. Санкт-Петербург","60.11797,30.18177"
435,"Приморское ш., д.178, г. Сестрорецк, г. Санкт-Петербург","60.04564,29.97471"
436,"Лиговский просп., д.30, г. Санкт-Петербург","59.927863,30.359757"
437,"Ул.Карпинского, д.22, лит. А, г. Санкт-Петербург","60.008982,30.425507"
438,"Науки просп., д.30, к.1, лит. А, г. Санкт-Петербург","60.007768,30.419508"
439,"Науки просп., д.55, лит. А, г. Санкт-Петербург","60.007572,30.419304"
440,"Суздальский просп., коорд. N60.056168 E30.363443, г. Санкт-Петербург","60.056168,30.363443"
441,"Энгельса просп., д.151, к.1, лит. А, г. Санкт-Петербург","60.05765,30.338916"
442,"Суздальский просп., коорд. N60.055927 E30.363231, г. Санкт-Петербург","60.055927,30.363231"
443,"Непокоренных просп., д.49, лит. А, г. Санкт-Петербург","59.995009,30.38739"
444,"Непокоренных просп., д.16, к. 1, лит. Ж, г. Санкт-Петербург","59.995386,30.387245"
445,"Ул.Руставели, напротив д.25, к.2, лит. А, г. Санкт-Петербург","60.005675,30.435604"
446,"Ул.Руставели, д. 25, к. 2, лит. А, г. Санкт-Петербург","60.005675,30.435604"
447,"Энгельса просп., д.157, лит. А, г. Санкт-Петербург","60.063517,30.343398"
448,"Ул.Репищева, д. 19, к. 1, лит. А, г. Санкт-Петербург","60.025548,30.283474"
449,"Ул.Репищева, д. 14, лит. АТ, г. Санкт-Петербург","60.025697,30.282506"
450,"Ул.Репищева, д. 10, к. 1, лит. А, г. Санкт-Петербург","60.020383,30.27991"
451,"Ул.Репищева, д. 9, лит. А, г. Санкт-Петербург","60.020788,30.280955"
452,"Королева просп., д. 24, к. 1, лит. А, г. Санкт-Петербург","60.012254,30.27222"
453,"Королева просп., д. 27, к. 1, лит. А, г. Санкт-Петербург","60.012605,30.271815"
454,"Сизова просп., д. 20, к. 1, лит. А, г. Санкт-Петербург","60.008906,30.273999"
455,"Сизова просп., напротив д. 20, к. 1, лит. А, г. Санкт-Петербург","60.009396,30.275011"
456,"Ул.Стародеревенская, д. 26, к. 1, лит. А, г. Санкт-Петербург","60.004326,30.246011"
457,"Ул.Стародеревенская, д. 25, лит. А, г. Санкт-Петербург","60.004298,30.246718"
458,"Богатырский просп., д. 27, к. 3, лит. А, г. Санкт-Петербург","60.002074,30.249861"
459,"Богатырский просп., д. 24, к. 1, лит. А, г. Санкт-Петербург","60.001751,30.24966"
460,"Коломяжский просп., напротив д. 18, лит. А, г. Санкт-Петербург","59.997109,30.300265"
461,"Ул.Парашютная, напротив д. 4, к. 1, лит. А, г. Санкт-Петербург","60.015804,30.290886"
462,"Ул.Парашютная, д. 4, к. 1, лит. А, г. Санкт-Петербург","60.01556,30.290754"
463,"Ул.Савушкина, напротив д. 123, к. 1, лит. А, г. Санкт-Петербург","59.986135,30.221835"
464,"Ул.Афонская, коорд. N60.020806 E30.302866, г. Санкт-Петербург","60.020806,30.302866"
465,"Ул.Оптиков, д. 6, лит. Н, г. Санкт-Петербург","59.997216,30.239227"
466,"Ул.Оптиков, напротив д. 6, лит. Н, г. Санкт-Петербург","59.997646,30.238063"
467,"Комендантский просп., д.30, к.1, лит. А, г. Санкт-Петербург","60.014976,30.250755"
468,"Комендантский просп., д.25, к.1, лит. А, г. Санкт-Петербург","60.01548,30.250742"
469,"ЦДМ, коорд. N59.936633 E30.4755882, г. Санкт-Петербург","59.936633,30.475588"
470,"Испытателей просп., д.12, лит. А, г. Санкт-Петербург","60.004383,30.286001"
471,"Испытателей просп., коорд. N60.002602 E30.320863, г. Санкт-Петербург","60.002602,30.320863"
472,"Испытателей просп., коорд. N60.002813 E30.319154, г. Санкт-Петербург","60.002813,30.319154"
473,"Луначарского просп., д.94, к.1, лит. А, г. Санкт-Петербург","60.029395,30.397718"
474,"Луначарского просп., напротив д. 94, к. 1, лит. А, г. Санкт-Петербург","60.029154,30.397428"
475,"Витебский просп., напротив д.107, лит. А, г. Санкт-Петербург","59.822725,30.379292"
476,"Приморский просп., д.14, с.2-А, г. Санкт-Петербург","59.981923,30.275418"
477,"Коломяжский просп., д.18, г. Санкт-Петербург","59.99721,30.299512"
478,"Приморский просп., д.14, с.1 лит. А, г. Санкт-Петербург","59.983114,30.277966"
479,"Пос. Петро-Славянка, Софийская ул., у д. 108, к. 1, сооружение 1, г. Санкт-Петербург","59.812273,30.460068"
480,"Посёлок Петро-Славянка, Софийская ул., коорд. N59.792898, E30.49446, г. Санкт-Петербург","59.792898,30.49446"
481,"Витебский просп., д.107-А, г. Санкт-Петербург","59.823722,30.378115"
482,"Испытателей просп., коорд. N60.005728 E30.278640, г. Санкт-Петербург","60.005728,30.27864"
483,"А-118 ""Кольцевая автомобильная дорога"",ПК 427+91 внешнее кольцо, г. Санкт-Петербург","59.827572,30.240638"
484,"А-118 ""Кольцевая автомобильная дорога"",ПК 433+80, внутреннее кольцо, г. Санкт-Петербург","59.830085,30.249892"
485,"А-118 ""Кольцевая автомобильная дорога"",ПК 462+00 внешнее кольцо, г. Санкт-Петербург","59.826668,30.290692"
486,"А-118 ""Кольцевая автомобильная дорога"",ПК 462+00 внутреннее кольцо, г. Санкт-Петербург","59.826767,30.29094"
487,"А-118 ""Кольцевая автомобильная дорога"",ПК 543+92 внешнее кольцо, г. Санкт-Петербург","59.822033,30.420432"
488,"Ул.Пограничная, д.87, п. Песочный, г. Санкт-Петербург","60.128741,30.138131"
489,"А-118 ""Кольцевая автомобильная дорога"",ПК 571+33 внутреннее кольцо, г. Санкт-Петербург","59.838878,30.452777"
490,"Испытателей просп., д. 20, лит. А, г. Санкт-Петербург","60.005416,30.278478"
491,"А-118 ""Кольцевая автомобильная дорога"",ПК 577+77 внешнее кольцо, г. Санкт-Петербург","59.844145,30.457503"
492,"Испытателей просп., д. 15, к. 1, лит. А, г. Санкт-Петербург","60.004821,30.285314"
493,"Волхонское (Сергиево Тер) ш., д.50, лит. А, г. Санкт-Петербург","59.8233,30.088033"
494,"Ул.Народная, д. 68, к. 1, лит. А, г. Санкт-Петербург","59.884041,30.480364"
495,"Ул.Предпортовая, д. 5, лит. Е, г. Санкт-Петербург","59.832265,30.303498"
496,"Ул.Олеко Дундича, д.20, к.1, лит. А, г. Санкт-Петербург","59.828746,30.401816"
497,"Ул.Типанова, д.40, лит. А, г. Санкт-Петербург","59.85375,30.363"
498,"Ветеранов просп., д.50, лит. А, г. Санкт-Петербург","59.841185,30.24173"
499,"Ветеранов просп., д.43, лит. А, г. Санкт-Петербург","59.841357,30.241489"
500,"Ул.Предпортовая, д.10, лит. Ж, г. Санкт-Петербург","59.832466,30.304966"
501,"Белевский просп., коорд. N59.870594, E30.431756, г. Санкт-Петербург","59.870594,30.431756"
502,"Ветеранов просп., коорд. N59.836797 E30.228386, г. Санкт-Петербург","59.836797,30.228386"
503,"Ул.Бухарестская, д.76, к.1, лит. А, г. Санкт-Петербург","59.869832,30.381863"
504,"Александровской Фермы просп., напротив д. 29, лит. Г33, г. Санкт-Петербург","59.852333,30.430916"
505,"Ул.Народная, д. 59, к. 1, лит. А, г. Санкт-Петербург","59.883209,30.47692"
506,"Дальневосточный просп., напротив д. 16, к. 1, лит. А, г. Санкт-Петербург","59.908498,30.447018"
507,"Ветеранов просп., коорд. N59.836636 E30.228553, г. Санкт-Петербург","59.836636,30.228553"
508,"Ул.Зольная, коорд. N59.921366 E30.430016, г. Санкт-Петербург","59.921366,30.430016"
509,"Ленинский просп., д. 140, лит. А, г. Санкт-Петербург","59.852017,30.284696"
510,"Дунайский просп., коорд. N59.835663 E30.384811, г. Санкт-Петербург","59.835663,30.384811"
511,"Ул.Дыбенко, д. 31, лит. А, г. Санкт-Петербург","59.907597,30.48709"
512,"Ленинский просп., д. 168, лит. А, г. Санкт-Петербург","59.852137,30.310066"
513,"Ленинский просп., д. 155, лит. А, г. Санкт-Петербург","59.85183,30.310514"
514,"Вознесенское ш., напротив д. 10, лит. А, г. Колпино, г. Санкт-Петербург","59.753116,30.615783"
515,"Ул.Заводская, д. 1а, лит. А, п. Понтонный, г. Санкт-Петербург","59.788223,30.621011"
516,"Дунайский просп., д. 40, к. 1, лит. А, г. Санкт-Петербург","59.837851,30.392222"
517,"Ул.Софийская, д. 56, лит. А, г. Санкт-Петербург","59.861168,30.419396"
518,"Ул.Салова, напротив д. 55, лит. А, г. Санкт-Петербург","59.888016,30.37725"
519,"Ул.Белы Куна, д. 26, к. 1, лит. А, г. Санкт-Петербург","59.87644,30.393408"
520,"Славы просп., д. 4, лит. А, г. Санкт-Петербург","59.855355,30.373454"
521,"Ул.Маршала Казакова, д. 68, к. 1, лит. А, г. Санкт-Петербург","59.866222,30.178569"
522,"Ул.Софийская, д.59, к.2, с.1, г. Санкт-Петербург","59.861733,30.418316"
523,"Ул.Бухарестская, д.43, к.2, лит. А, г. Санкт-Петербург","59.8604,30.3907"
524,"Ул.Софийская, напротив д. 79, лит. А, г. Санкт-Петербург","59.850029,30.428176"
525,"Вознесенское ш., напротив д. 2, к. 2, лит. А, п. Понтонный, г. Санкт-Петербург","59.763052,30.632528"
526,"Пр. Буденного, коорд. N59.845977, E30.091035, г. Санкт-Петербург","59.845977,30.091035"
527,"Ул.Димитрова, коорд. N59.851784 E30.421677, г. Санкт-Петербург","59.851784,30.421677"
528,"Пр. Буденного, коорд. N59.837424, E30.091544, г. Санкт-Петербург","59.837424,30.091544"
529,"Ул.Бухарестская, коорд. N59.869683 E30.381283, г. Санкт-Петербург","59.869683,30.381283"
530,"Ул.Салова, напротив д. 55, лит. А, г. Санкт-Петербург","59.888,30.37725"
531,"Ленинский просп., д. 95, к. 1, лит. А, г. Санкт-Петербург","59.853266,30.214483"
532,"Ул.Красная, коорд. N59.739003, E30.604568, г. Колпино, г. Санкт-Петербург","59.739003,30.604568"
533,"Ул.Бухарестская, д.23, к.1, лит. А, г. Санкт-Петербург","59.873624,30.37732"
534,"Ул.Бухарестская, д. 31, к. 1, лит. А, г. Санкт-Петербург","59.866225,30.384838"
535,"Ул.Салова, коорд. N59.882164, E30.362482, г. Санкт-Петербург","59.882164,30.362482"
536,"Ул.Салова, коорд. N59.879434, E30.354716, г. Санкт-Петербург","59.879434,30.354716"
537,"Ул.Бухарестская, д. 80, лит. А, г. Санкт-Петербург","59.866416,30.3854"
538,"Юрия Гагарина просп., д. 1, лит. А, г. Санкт-Петербург","59.874383,30.336366"
539,"Ул.Сызранская, д. 18, лит. А, г. Санкт-Петербург","59.877066,30.336"
540,"Ул.Благодатная, д. 67, лит. А, г. Санкт-Петербург","59.877133,30.344183"
541,"Ул.Благодатная, напротив д. 67, лит. Б, г. Санкт-Петербург","59.8772,30.343016"
542,"Петербургское ш., коорд. N59.758239, E30.375448, п. Шушары, г. Санкт-Петербург","59.758239,30.375448"
543,"Петербургское ш., коорд. N59.758239, E30.375448, п. Шушары, г. Санкт-Петербург","59.758239,30.375448"
544,"Ул.Красная, напротив д. 6, лит. А, г. Колпино, г. Санкт-Петербург","59.74525,30.601866"
545,"Ул.Салова, напротив д. 59, лит. А, г. Санкт-Петербург","59.8853,30.370466"
546,"Дунайский просп., д.64, лит. А, г. Санкт-Петербург","59.845766,30.42455"
547,"Славы просп., д.51, лит. А, г. Санкт-Петербург","59.86421,30.410816"
548,"Ул.Димитрова, коорд. N59.852033 E30.421616, г. Санкт-Петербург","59.852033,30.421616"
549,"Ул.Бухарестская, д. 24, к. 1, лит. А, г. Санкт-Петербург","59.886166,30.365133"
550,"Ул.Бухарестская, д. 21, лит. А, г. Санкт-Петербург","59.886066,30.3646"
551,"Ул.Салова, напротив д. 59, лит. А, г. Санкт-Петербург","59.88525,30.370566"
552,"Славы просп., д.52, к.1, лит. А, г. Санкт-Петербург","59.864467,30.410497"
553,"Белевский просп., коорд. N59.866557, E30.435227, г. Санкт-Петербург","59.866557,30.435227"
554,"Ул.Маршала Казакова, напротив д. 68, к. 1, лит. А, г. Санкт-Петербург","59.866698,30.177842"
555,"Ул.Типанова, коорд. N59.853966 E30.362366, г. Санкт-Петербург","59.853966,30.362366"
556,"Ул.Бухарестская, д. 92, лит. А, г. Санкт-Петербург","59.862083,30.38965"
557,"Ленинский просп., д. 56, стр. 1, г. Санкт-Петербург","59.865866,30.160283"
558,"Ул.Маршала Казакова, д.82, к.3, с.1, г. Санкт-Петербург","59.869384,30.164518"
559,"Ленинский просп., д.45, к.1, с.1, г. Санкт-Петербург","59.865433,30.160983"
560,"Таллинское ш., д. 111, с. 1, г. Санкт-Петербург","59.81622,30.175734"
561,"Таллинское ш., д. 126, лит. А, г. Санкт-Петербург","59.8159,30.176"
562,"Ивангородский просп., коорд. N59.724358, E30.052877, г. Красное Село, г. Санкт-Петербург","59.724358,30.052877"
563,"Петергофское ш., д.1, к.1, лит. А, г. Санкт-Петербург","59.846633,30.208234"
564,"Санкт-Петербургский просп., коорд. N59.876795 E29.932185, г. Петергоф, г. Санкт-Петербург","59.876795,29.932185"
565,"Усть-Ижорское ш., коорд. N59.786581, E30.578047, п. Металлострой, г. Санкт-Петербург","59.786581,30.578047"
566,"Санкт-Петербургское ш., коорд. N59.851256, E30.048472, г. Санкт-Петербург","59.851256,30.048472"
567,"Ул.Оборонная, напротив д. 10, лит. А, г. Колпино, г. Санкт-Петербург",
568,"Ул.Маршала Казакова, напротив д. 82, к. 1, стр. 1, г. Санкт-Петербург","59.869994,30.163327"
569,"Московское ш., напротив д. 231, к. 2, лит. В, п. Шушары, г. Санкт-Петербург","59.762833,30.470083"
570,"Октябрьский бул., д. 18/40, лит. А, г. Пушкин, г. Санкт-Петербург","59.723416,30.411516"
571,"Кузьминское ш., коорд. N59.7337 E30.387633, г. Пушкин, г. Санкт-Петербург","59.7337,30.387633"
572,"Ул.Пилотов, д. 12, лит. В, г. Санкт-Петербург","59.810716,30.304833"
573,"Юрия Гагарина просп., напротив д. 18, к. 1, лит. А, г. Санкт-Петербург","59.859383,30.3371"
574,"Пулковское ш., коорд. N59.762457, E30.328829, г. Санкт-Петербург","59.762457,30.328829"
575,"Ул.Парковая, коорд. N59.709227, E30.397849, г. Пушкин, г. Санкт-Петербург","59.709227,30.397849"
576,"Ленина просп., коорд. N59.757393, E30.109030, г. Красное Село, г. Санкт-Петербург","59.757393,30.10903"
577,"Ул.Пограничника Гарькавого, напротив д. 1, лит. А, г. Санкт-Петербург","59.84435,30.14715"
578,"Санкт-Петербургское ш., N59.851406, E30.048507, г. Санкт-Петербург","59.851406,30.048507"
579,"Ленина просп., коорд. N59.757393, E30.109030, г. Красное Село, г. Санкт-Петербург","59.757393,30.10903"
580,"Витебский просп., коорд. N59.808807, E30.386407, п. Шушары, г. Санкт-Петербург","59.808807,30.386407"
581,"Культуры просп., коорд. N60.054038 E30.382847, г. Санкт-Петербург","60.054038,30.382847"
582,"Ивангородский просп., коорд. N59.752132, E30.095161, г. Красное Село, г. Санкт-Петербург","59.752132,30.095161"
583,"Культуры просп., коорд. N60.054029 E30.382903, г. Санкт-Петербург","60.054029,30.382903"
584,"Волхонское ш., д.24, п. Стрельна, г. Санкт-Петербург","59.84525,30.026033"
585,"Ул.Савушкина, д. 145, лит. А, г. Санкт-Петербург","59.989919,30.195628"
586,"Ул.Савушкина, д. 136, к. 2, лит. А, г. Санкт-Петербург","59.989443,30.196309"
587,"Ивангородский просп., коорд. N59.740476, E30.070253, г. Красное Село, г. Санкт-Петербург","59.740476,30.070253"
588,"Ул.Туристская, д. 10, к. 1, лит. А, г. Санкт-Петербург","59.990715,30.203775"
589,"Петрозаводское ш., коорд. N59.804702, E30.594193, п. Усть-Ижора, г. Санкт-Петербург","59.804702,30.594193"
590,"Комендантский просп., д. 35, к. 1, лит. А, г. Санкт-Петербург","60.023375,30.241547"
591,"Комендантский просп., д. 40, к. 1, лит. А, г. Санкт-Петербург","60.023243,30.24111"
592,"Ул.Софийская, коорд. N59.753467, E30.523415, г. Колпино, г. Санкт-Петербург","59.753467,30.523415"
593,"Ул.Байконурская, д. 7, к. 1, лит. А, г. Санкт-Петербург","60.000503,30.275824"
594,"Богатырский просп., д. 9, лит. А, г. Санкт-Петербург","59.998959,30.27943"
595,"Богатырский просп., д. 10, лит. А, г. Санкт-Петербург","59.998633,30.279574"
596,"Ул.Парашютная, д. 17, к. 1, лит. А, г. Санкт-Петербург","60.017877,30.275452"
597,"Ул.Парашютная, д. 22, к. 1, лит. А, г. Санкт-Петербург","60.017552,30.275243"
598,"Витебский просп., коорд. N59.892223, E30.343989, г. Санкт-Петербург","59.892223,30.343989"
599,"Ивангородский просп., коорд. N59.752306, E30.095177, г. Красное Село, г. Санкт-Петербург","59.752306,30.095177"
600,"Ивангородский просп., коорд. N59.740595, E30.069759, г. Красное Село, г. Санкт-Петербург","59.740595,30.069759"
601,"Витебский просп., коорд. N59.874033 E30.352917, г. Санкт-Петербург","59.874033,30.352917"
602,"Заводской просп., д.4, лит. А, г. Колпино, г. Санкт-Петербург","59.73975,30.559833"
603,"Ул.Соборная, коорд. N59.751366 E30.603183, г. Колпино, г. Санкт-Петербург","59.751366,30.603183"
604,"Ивангородский просп., коорд. N59.749723, E30.084281, г. Красное Село, г. Санкт-Петербург","59.749723,30.084281"
605,"Ивангородский просп., коорд. N59.749516, E30.084689, г. Красное Село, г. Санкт-Петербург","59.749516,30.084689"
606,"Таллинское ш., коорд. N59.802716 E30.159766, г. Санкт-Петербург","59.802716,30.159766"
607,"Таллинское ш., коорд. N59.804091 E30.162148, г. Санкт-Петербург","59.804091,30.162148"
608,"Витебский просп., напротив д. 9, к. 2, лит. А, г. Санкт-Петербург","59.875235,30.352085"
609,"Ул.Софийская, коорд. N59.755119 E30.521079, г. Колпино, г. Санкт-Петербург","59.755119,30.521079"
610,"Пулковское ш., коорд. N59.775775, E30.326773, г. Санкт-Петербург","59.775775,30.326773"
611,"Ивангородский просп., коорд. N59.724283, E30.053322, г. Красное Село, г. Санкт-Петербург","59.724283,30.053322"
612,"Витебский просп., коорд. N59.854566 E30.363783, г. Санкт-Петербург","59.854566,30.363783"
613,"Усть-Ижорское ш., N59.787251, E30.578452, п. Металлострой, г. Санкт-Петербург","59.787251,30.578452"
614,"Ул.Оборонная, д.2, лит. А, г. Санкт-Петербург","59.730816,30.607916"
615,"Таллинское ш.,коорд. N59.820293 E30.180573, г. Санкт-Петербург","59.820293,30.180573"
616,"Ул.Бухарестская, коорд. N59.835811 E30.415587, г. Санкт-Петербург","59.835811,30.415587"
617,"Волхонское ш., коорд. N59.761410, E30.262585, г. Санкт-Петербург","59.76141,30.262585"
618,"Ул.Бухарестская, д.138, лит. А, г. Санкт-Петербург","59.835231,30.416993"
619,"Ул.Бухарестская, напротив д. 148, к. 1, лит. А, г. Санкт-Петербург","59.831126,30.420321"
620,"Ул.Бухарестская, д.67, к.1, ЛИТ. А, г. Санкт-Петербург","59.853412,30.397829"
621,"Ул.Краснопутиловская, д.45, лит. А, г. Санкт-Петербург","59.868083,30.27404"
622,"Усть-Ижорское ш., коорд. N59.781093, E30.512601, п. Шушары, г. Санкт-Петербург","59.781093,30.512601"
623,"Ул.Оборонная, коорд. N59.734744, E30.638797, г. Колпино, г. Санкт-Петербург","59.734744,30.638797"
624,"Рубежное ш., коорд. N59.737907 E30.640217, г. Колпино, г. Санкт-Петербург","59.737907,30.640217"
625,"Ул.Пражская, д.48/50, лит. А, г. Санкт-Петербург","59.864169,30.401157"
626,"Таллинское ш., коорд. N59.820703 E30.18156, г. Санкт-Петербург","59.820703,30.18156"
627,"Ул.Софийская, коорд. N59.817038 E30.453330, п. Петро-Славянка, г. Санкт-Петербург","59.817038,30.45333"
628,"Ул.Партизана Германа, д.33, лит. А, г. Санкт-Петербург","59.831207,30.17555"
629,"Ул.Софийская, коорд. N59.795967 E30.492054, п. Петро-Славянка, г. Санкт-Петербург","59.795967,30.492054"
630,"Рубежное ш., коорд. N59.737907 E30.640217, г. Колпино, г. Санкт-Петербург","59.737907,30.640217"
631,"Ленинский просп., д.92, к.1, лит. А, г. Санкт-Петербург","59.854268,30.211374"
632,"Ул.Партизана Германа, д.11, лит. А, г. Санкт-Петербург","59.840369,30.175322"
633,"Ул.Краснопутиловская, д.34, лит. А, г. Санкт-Петербург","59.868216,30.274295"
634,"Ул.Партизана Германа, д.6, лит. А, г. Санкт-Петербург","59.840628,30.175692"
635,"Ул.Малая Балканская, коорд. N59.841013, E30.376995, г. Санкт-Петербург","59.841013,30.376995"
636,"Усть-Ижорское ш., коорд. N59.781314, E30.512529, п. Шушары, г. Санкт-Петербург","59.781314,30.512529"
637,"Ул.Бухарестская, д.112, лит. А, г. Санкт-Петербург","59.849595,30.402454"
638,"Ул.Бухарестская, напротив д. 67, к. 1, лит. А, г. Санкт-Петербург","59.853531,30.398369"
639,"Ул.Оборонная, коорд. N59.734939, E30.638540, г. Колпино, г. Санкт-Петербург","59.734939,30.63854"
640,"Петрозаводское ш., д.29, лит. А, п. Саперный, г. Санкт-Петербург","59.774114,30.679751"
641,"Дунайский просп., д.61, лит. А, г. Санкт-Петербург","59.845526,30.424921"
642,"Ул.Типанова, д.23, к.2, с.1, г. Санкт-Петербург","59.852606,30.342702"
643,"Ул.Типанова, напротив д. 23, к. 2, стр. 1, г. Санкт-Петербург","59.852286,30.342696"
644,"Ул.Автовская, д.14, лит. А, г. Санкт-Петербург","59.868286,30.268538"
645,"Краснофлотское ш., коорд. N59.924408, E29.721513, г. Ломоносов, г. Санкт-Петербург","59.924408,29.721513"
646,"Ул.Народная, коорд. N59.878741 E30.456755, г. Санкт-Петербург","59.878741,30.456755"
647,"Ул.Дыбенко, д.14, к.1, лит. А, г. Санкт-Петербург","59.902779,30.46559"
648,"Ул.Дыбенко, д.13, к.5, лит. А, г. Санкт-Петербург","59.902295,30.46465"
649,"Ул.Братьев Горкушенко, напротив д. 26, лит. А, г. Петергоф, г. Санкт-Петербург","59.854713,29.904235"
650,"Санкт-Петербургское ш., коорд. N59.870182 E29.971715, г. Петергоф, г. Санкт-Петербург","59.870182,29.971715"
651,"Красносельское ш., коорд. N59.715777, E30.291986, г. Пушкин, г. Санкт-Петербург","59.715777,30.291986"
652,"Московское ш., коорд. N59.766745, E30.462974, п. Шушары, г. Санкт-Петербург","59.766745,30.462974"
653,"Славы просп., д.40, к.1, лит. А, г. Санкт-Петербург","59.861102,30.399285"
654,"Славы просп., напротив д. 40, к. 1, лит. А, г. Санкт-Петербург","59.860825,30.399542"
655,"Королева просп., д.41, к.2, лит. А, г. Санкт-Петербург","60.020996,30.25472"
656,"Королева просп., д.42, к.1, лит. А, г. Санкт-Петербург","60.020624,30.254465"
657,"Тихорецкий просп., д.21, лит. А, г. Санкт-Петербург","60.0213,30.367227"
658,"Тихорецкий просп., напротив д. 21, лит. А, г. Санкт-Петербург","60.020967,30.366473"
659,"Светлановский просп., напротив д. 61, лит. А, г. Санкт-Петербург","60.017051,30.362725"
660,"Малоохтинский просп., коорд. N59.918233 E30.412063, г. Санкт-Петербург","59.918233,30.412063"
661,"Энергетиков просп., д.64, лит. А, г. Санкт-Петербург","59.970069,30.436912"
662,"Энергетиков просп., д.50, лит. А, г. Санкт-Петербург","59.965022,30.437411"
663,"Зеленогорское ш., коорд. N60.200289 E29.725414, г. Санкт-Петербург","60.200289,29.725414"
664,"Приморское ш., напротив д. 280, лит. А, г. Сестрорецк, г. Санкт-Петербург","60.091482,29.974734"
665,"Приморское ш., напротив д. 280, лит. А, г. Сестрорецк, г. Санкт-Петербург","60.091221,29.974466"
666,"Ул.Ленинградская, д.10, лит. А, п. Песочный, г. Санкт-Петербург","60.125415,30.158912"
667,"Белоостровское ш., напротив д. 1, лит. А, п. Песочный, г. Санкт-Петербург","60.128563,30.124392"
668,"Приморское ш., коорд. N60.130276 E29.986420, г. Санкт-Петербург","60.130276,29.98642"
669,"Приморское ш., коорд. N60.005471 E30.048440, г. Санкт-Петербург","60.005471,30.04844"
670,"Приморское ш., коорд. N60.005288 E30.048269, г. Санкт-Петербург","60.005288,30.048269"
671,"Ул.Вербная, коорд. N60.025617 E30.306975, г. Санкт-Петербург","60.025617,30.306975"
672,"Ул.Вербная, коорд. N60.025449 E30.307858, г. Санкт-Петербург","60.025449,30.307858"
673,"Смольная наб., коорд. N59.953498 E30.379936, г. Санкт-Петербург","59.953498,30.379936"
674,"Светлановский просп., напротив д. 45, лит. А, г. Санкт-Петербург","60.011957,30.350049"
675,"Тореза просп., д.39, к.1, лит. А, г. Санкт-Петербург","60.009183,30.350064"
676,"Луначарского просп., д.62, к.1, лит. А, г. Санкт-Петербург","60.041,30.343336"
677,"Луначарского просп., д.27, к.1, лит. А, г. Санкт-Петербург","60.040509,30.343851"
678,"Светлановский просп., коорд. N60.019583 E30.36928, г. Санкт-Петербург","60.019583,30.36928"
679,"Светлановский просп., д.113, к.1, лит. А, г. Санкт-Петербург","60.042047,30.401055"
680,"Светлановский просп., д.70, к.1, лит. А, г. Санкт-Петербург","60.042121,30.400438"
681,"Индустриальный просп., коорд. N59.983007 E30.458083, г. Санкт-Петербург","59.983007,30.458083"
682,"Индустриальный просп., коорд. N59.982997 E30.458690, г. Санкт-Петербург","59.982997,30.45869"
683,"Пятилеток просп., д.8, к.1, лит. А, г. Санкт-Петербург","59.922364,30.459421"
684,"Пятилеток просп., д.5, к.2, лит. А, г. Санкт-Петербург","59.922548,30.459596"
685,"Обводного Канала наб., коорд. N59.917334 E30.390004, г. Санкт-Петербург","59.917334,30.390004"
686,"Макарова наб., коорд. N59.960148 E30.233174, г. Санкт-Петербург","59.960148,30.233174"
687,"Макарова наб., коорд. N59.960148 E30.233174, г. Санкт-Петербург","59.960148,30.233174"
688,"Тихорецкий просп., коорд. N60.030515 E30.364694, г. Санкт-Петербург","60.030515,30.364694"
689,"Тихорецкий просп., коорд. N60.030794 E30.365340, г. Санкт-Петербург","60.030794,30.36534"
690,"Выборгское ш., коорд. N60.081474 E30.263412, п. Парголово, г. Санкт-Петербург","60.081474,30.263412"
691,"Выборгское ш., коорд. N60.081998 E30.263994, п. Парголово, г. Санкт-Петербург","60.081998,30.263994"
692,"Ул.Одоевского, д.24, к.1, лит. А, г. Санкт-Петербург","59.949039,30.244876"
693,"Приморское ш., коорд. N59.991040 E30.219727, г. Санкт-Петербург","59.99104,30.219727"
694,"Энергетиков просп., д.42, лит. А, г. Санкт-Петербург","59.96185,30.43772"
695,"Песочная наб., напротив д. 22, лит. А, г. Санкт-Петербург","59.972861,30.290608"
696,"Художников просп., д.5, к.1, лит. А, г. Санкт-Петербург","60.034367,30.343882"
697,"Морской просп., коорд. N59.971095 E30.267495, г. Санкт-Петербург","59.971095,30.267495"
698,"Ул.Есенина, напротив д. 1, к. 1, лит. А, г. Санкт-Петербург","60.027711,30.329153"
699,"Северный просп., д.6, к.1, лит. А, г. Санкт-Петербург","60.030513,30.326897"
700,"Северный просп., напротив д. 6, к. 1, лит. А, г. Санкт-Петербург","60.030513,30.326897"
701,"Мост Александра Невского, коорд. N59.925640 E30.394587, г. Санкт-Петербург","59.92564,30.394587"
702,"Мост Александра Невского, коорд. N59.925389 E30.394792, г. Санкт-Петербург","59.925389,30.394792"
703,"Дор. В Каменку, напротив д. 74, лит. А, г. Санкт-Петербург","60.054309,30.231144"
704,"Дор. В Каменку, д. 74, лит. А, г. Санкт-Петербург","60.054137,30.231374"
705,"Светлановский просп., д.46, к.1, лит. А, г. Санкт-Петербург","60.023935,30.379737"
706,"Светлановский просп., д.62, к.1, лит. А, г. Санкт-Петербург","60.037898,30.396986"
707,"Светлановский просп., д.105, лит. А, г. Санкт-Петербург","60.037812,30.397544"
708,"Энгельса просп., д.125, лит. Ж, г. Санкт-Петербург","60.0459,30.330115"
709,"Энгельса просп., д.130, к.1, лит. А, г. Санкт-Петербург","60.045692,30.32927"
710,"Горское ш., д.113, лит. Б, п. Левашово, г. Санкт-Петербург","60.095172,30.213266"
711,"Горское ш., коорд. N60.094806 E30.202275, п. Левашово, г. Санкт-Петербург","60.094806,30.202275"
712,"Ул.Камышовая, напротив д. 30, к. 1, лит. А, г. Санкт-Петербург","60.008628,30.228021"
713,"Ул.Камышовая, д.30, к.1, лит. А, г. Санкт-Петербург","60.008297,30.229268"
714,"Ул.Мебельная, д.35, к.2, лит. А, г. Санкт-Петербург","59.99463,30.199877"
715,"Ул.Мебельная, напротив д. 21, к. 1, лит. А, г. Санкт-Петербург","59.994713,30.212217"
716,"Ул.Долгоозерная, д.3, к.2, лит. А, г. Санкт-Петербург","60.013148,30.237458"
717,"Сизова просп., д.3, лит. А, г. Санкт-Петербург","60.001259,30.270398"
718,"Сизова просп., д.3, лит. А, г. Санкт-Петербург","60.00157,30.270699"
719,"Гражданский просп., д.124, к.1, лит. А, г. Санкт-Петербург","60.038519,30.422763"
720,"Гражданский просп., напротив д. 124, к. 1, лит. А, г. Санкт-Петербург","60.038268,30.423649"
721,"Ул.Бутлерова, д.30, лит. А, г. Санкт-Петербург","60.005263,30.399949"
722,"Луначарского просп., д.106, лит. А, г. Санкт-Петербург","60.024574,30.41507"
723,"Луначарского просп., напротив д. 106, лит. А, г. Санкт-Петербург","60.024343,30.414813"
724,"Гражданский просп., д.20, лит. А, г. Санкт-Петербург","60.002898,30.387285"
725,"Смольная наб., коорд. N59.946087 E30.398661, г. Санкт-Петербург","59.946087,30.398661"
726,"Энтузиастов просп., д.54, к.1, лит. А, г. Санкт-Петербург","59.952328,30.492795"
727,"Ул.Коммуны, д.42, к.1, лит. А, г. Санкт-Петербург","59.955005,30.495748"
728,"Ул.Ленская, д.11, к.1, лит. А, г. Санкт-Петербург","59.940694,30.48569"
729,"Наставников просп., д.9, к.1, лит. А, г. Санкт-Петербург","59.939839,30.489654"
730,"Наставников просп., д.10, лит. А, г. Санкт-Петербург","59.938922,30.488619"
731,"Энергетиков просп., коорд. N59.950211 E30.436799, г. Санкт-Петербург","59.950211,30.436799"
732,"Энергетиков просп., коорд .N59.949271 E30.436103, г. Санкт-Петербург","59.949271,30.436103"
733,"Индустриальный просп., д.27, лит. А, г. Санкт-Петербург","59.949606,30.473672"
734,"Наставников просп., д.29, к.1, лит. А, г. Санкт-Петербург","59.948197,30.489365"
735,"Наставников просп., д.26, к.1, лит. А, г. Санкт-Петербург","59.946936,30.489809"
736,"Ириновский просп., д.14, к.1, лит. А, г. Санкт-Петербург","59.95513,30.463325"
737,"Ириновский просп., д.17, к.1, лит. А, г. Санкт-Петербург","59.954994,30.46415"
738,"Ириновский просп., д.39, к.1, лит. А, г. Санкт-Петербург","59.960905,30.485716"
739,"Ириновский просп., д.40, с.1, г. Санкт-Петербург","59.961019,30.484869"
740,"Рябовское ш., коорд. N59.963958 N30.496095, г. Санкт-Петербург","59.963958,30.496095"
741,"Индустриальный просп., напротив д. 63, лит. Б, г. Санкт-Петербург","59.968897,30.457215"
742,"Индустриальный просп., д.63, лит. Б, г. Санкт-Петербург","59.96887,30.457738"
743,"Приморское ш., напротив д. 570, лит. Л, г. Зеленогорск, г. Санкт-Петербург","60.193057,29.66089"
744,"Зеленогорское ш., коорд. N60.163163 E29.916193, г. Санкт-Петербург","60.163163,29.916193"
745,"Ул. Красина, напротив д. 10, лит. Ф, г. Санкт-Петербург","59.967898,30.490082"
746,"Светлановский просп., д.52, лит. А, г. Санкт-Петербург","60.032745,30.392855"
747,"Светлановский просп., д.93, к.1, лит. А, г. Санкт-Петербург","60.032631,30.393424"
748,"Свердловская наб., коорд. N59.955008 E30.375393, г. Санкт-Петербург","59.955008,30.375393"
749,"Свердловская наб., коорд. N59.955118 E30.375068, г. Санкт-Петербург","59.955118,30.375068"
750,"Свердловская наб., д.64, лит. А, г. Санкт-Петербург","59.94884,30.407312"
751,"Маршала Блюхера просп., д.14, с.А, г. Санкт-Петербург","59.980086,30.380603"
752,"Дорога в аэропорт Пулково, координаты N59.792150 E30.307702, г. Санкт-Петербург","59.79215,30.307702"
753,"Пересечение ул. Савушкина и Туристская ул., г. Санкт-Петербург","59.989022,30.202462"
754,"Пересечение пр. Культуры и пр. Луначарского, г. Санкт-Петербург","60.036125,30.367498"
755,"Пересечение ул. Руставели и пр. Науки, г. Санкт-Петербург","60.003367,30.436196"
756,"Пересечение Петергофского ш. И ул. Партизана Германа, г. Санкт-Петербург","59.846178,30.175743"
757,"Пересечение ул. Коллонтай и пр. Большевиков, г. Санкт-Петербург","59.919447,30.470445"
758,"Пересечение пр. Обуховской обороны и ул. Чернова, г. Санкт-Петербург","59.864922,30.470676"
759,"Пересечение пр. Испытателей и пр. Сизова, г. Санкт-Петербург","60.006589,30.27236"
760,"Перекресток Тихорецкий просп.; ул.Гидротехников, г. Санкт-Петербург","60.010251,30.369165"
761,"Перекресток ул.Оптиков; ул.Планерная, г. Санкт-Петербург","59.998,30.234195"
762,"Перекресток ул. Оптиков с ул. Планерная, г. Санкт-Петербург","59.998052,30.233819"
763,"Перекресток ул.Планерная; ул.Оптиков, г. Санкт-Петербург","59.998272,30.233643"
764,"Перекрёсток ул. Планерная и ул. Оптиков, г. Санкт-Петербург","59.997779,30.234466"
765,"ЗСД, правое направление 1км 063м, г. Санкт-Петербург","59.843238,30.284393"
766,"ЗСД, правое направление 3км 405м , г. Санкт-Петербург","59.863624,30.293046"
767,"ЗСД, правое направление 5км 708 м., г. Санкт-Петербург","59.88136,30.284353"
768,"ЗСД, правое направление 7км 829м, г. Санкт-Петербург","59.889885,30.251381"
